--  DDL for Table FINAL_AGENCIES
--------------------------------------------------------

  CREATE TABLE "FINAL_AGENCIES" 
   (    "AGENCY_ID" NUMBER(3,0), 
    "AGENCY_NAME" VARCHAR2(25), 
    "CONTACT" VARCHAR2(20), 
    "EMAIL" VARCHAR2(15), 
    "PHONE" VARCHAR2(10)
   ) ;

--------------------------------------------------------
--  DDL for Table FINAL_BUILDINGS
--------------------------------------------------------

  CREATE TABLE "FINAL_BUILDINGS" 
   (    "BLDG_ID" NUMBER(3,0), 
    "BLDGNAME" VARCHAR2(15), 
    "CAMPUS_ID" NUMBER(3,0)
   ) ;

--------------------------------------------------------
--  DDL for Table FINAL_CAMPUS
--------------------------------------------------------

  CREATE TABLE "FINAL_CAMPUS" 
   (    "CAMPUS_ID" NUMBER(3,0), 
    "CAMPUS_NAME" VARCHAR2(15)
   ) ;

--------------------------------------------------------
--  DDL for Table FINAL_CLASSES
--------------------------------------------------------

  CREATE TABLE "FINAL_CLASSES" 
   (    "CRN" NUMBER(5,0), 
    "CRSABBR" VARCHAR2(4), 
    "COURSE_ID" NUMBER(5,0), 
    "DAYS" VARCHAR2(5), 
    "STARTTIME" VARCHAR2(4), 
    "ENDTIME" VARCHAR2(4), 
    "CAMPUS_ID" NUMBER(3,0), 
    "BLDG_ID" NUMBER(3,0), 
    "ROOM_ID" NUMBER(3,0), 
    "FACULTY_ID" NUMBER(5,0)
   ) ;

--------------------------------------------------------
--  DDL for Table FINAL_COURSES
--------------------------------------------------------

  CREATE TABLE "FINAL_COURSES" 
   (    "CRSABBR" VARCHAR2(6), 
    "COURSE_ID" NUMBER(5,0), 
    "COURSE_NAME" VARCHAR2(30), 
    "CREDIT" NUMBER(1,0), 
    "PREREQ" VARCHAR2(8), 
    "CLASSMAX" NUMBER(2,0)
   ) ;

--------------------------------------------------------
--  DDL for Table FINAL_DEPARTMENTS
--------------------------------------------------------

  CREATE TABLE "FINAL_DEPARTMENTS" 
   (    "DEPARTMENT_ID" NUMBER(4,0), 
    "DEPARTMENT_NAME" VARCHAR2(30), 
    "BUDGET_AMT" NUMBER(5,0)
   ) ;

--------------------------------------------------------
--  DDL for Table FINAL_EMPLOYEES
--------------------------------------------------------

  CREATE TABLE "FINAL_EMPLOYEES" 
   (    "EMPLOYEE_ID" NUMBER(3,0), 
    "FIRST_NAME" VARCHAR2(20), 
    "MI" VARCHAR2(1), 
    "LAST_NAME" VARCHAR2(20), 
    "EMAIL" VARCHAR2(18), 
    "PHONE" VARCHAR2(10), 
    "HIRE_DATE" DATE, 
    "JOB_ID" VARCHAR2(10), 
    "SALARY" NUMBER(7,2), 
    "HOURLY" NUMBER(5,2), 
    "DEPARTMENT_ID" NUMBER(5,0), 
    "MANAGER_ID" NUMBER(5,0), 
    "AGENCY_ID" NUMBER(3,0)
   ) ;

--------------------------------------------------------
--  DDL for Table FINAL_ENROLLMENT
--------------------------------------------------------

  CREATE TABLE "FINAL_ENROLLMENT" 
   (    "STUD_ID" NUMBER(5,0), 
    "CRN" NUMBER(5,0), 
    "SEMESTER_CODE" NUMBER(6,0), 
    "GRADE" VARCHAR2(1)
   ) ;

--------------------------------------------------------
--  DDL for Table FINAL_JOBS
--------------------------------------------------------

  CREATE TABLE "FINAL_JOBS" 
   (    "JOB_ID" VARCHAR2(10), 
    "JOB_TITLE" VARCHAR2(35), 
    "MIN_SALARY" NUMBER(6,0), 
    "MAX_SALARY" NUMBER(6,0)
   ) ;

--------------------------------------------------------
--  DDL for Table FINAL_MAJORS
--------------------------------------------------------

  CREATE TABLE "FINAL_MAJORS" 
   (    "MAJOR_ID" NUMBER(3,0), 
    "MAJOR_NAME" VARCHAR2(30), 
    "DEPARTMENT_ID" NUMBER(5,0)
   ) ;

--------------------------------------------------------
--  DDL for Table FINAL_ROOMS
--------------------------------------------------------

  CREATE TABLE "FINAL_ROOMS" 
   (    "BLDG_ID" NUMBER(3,0), 
    "ROOM_ID" NUMBER(4,0), 
    "CAPACITY" NUMBER(3,0), 
    "COMPUTERS" VARCHAR2(1)
   ) ;

--------------------------------------------------------
--  DDL for Table FINAL_STUDENTS
--------------------------------------------------------

  CREATE TABLE "FINAL_STUDENTS" 
   (    "STUD_ID" NUMBER(5,0), 
    "SSN" NUMBER(9,0), 
    "FIRST_NAME" VARCHAR2(15), 
    "LAST_NAME" VARCHAR2(15), 
    "MI" VARCHAR2(21), 
    "PHONE" VARCHAR2(10), 
    "CELL" VARCHAR2(10), 
    "ADDRESS" VARCHAR2(15), 
    "CITY" VARCHAR2(15), 
    "STATE" VARCHAR2(2), 
    "ZIP" NUMBER(5,0), 
    "EMAIL" VARCHAR2(15), 
    "MAJOR_ID" NUMBER(3,0)
   ) ;

--------------------------------------------------------
--  DDL for Table FINAL_SUBJECTS
--------------------------------------------------------

  CREATE TABLE "FINAL_SUBJECTS" 
   (    "SUBJECT_ID" VARCHAR2(4), 
    "DESCRIPTION" VARCHAR2(25)
   ) ;

REM INSERTING into FINAL_AGENCIES

Insert into FINAL_AGENCIES (AGENCY_ID,AGENCY_NAME,CONTACT,EMAIL,PHONE) values (200,'IT_FINDERS','Ben Rollag','broll@it.com','5052658978');
Insert into FINAL_AGENCIES (AGENCY_ID,AGENCY_NAME,CONTACT,EMAIL,PHONE) values (201,'IT_WORKERS','Stevie Nicks','nicks@work.com','5053457777');
REM INSERTING into FINAL_BUILDINGS

Insert into FINAL_BUILDINGS (BLDG_ID,BLDGNAME,CAMPUS_ID) values (12,'SNICKERS_HALL',1);
Insert into FINAL_BUILDINGS (BLDG_ID,BLDGNAME,CAMPUS_ID) values (13,'BEYOND_BEYOND',1);
Insert into FINAL_BUILDINGS (BLDG_ID,BLDGNAME,CAMPUS_ID) values (14,'KENNEDY',2);
Insert into FINAL_BUILDINGS (BLDG_ID,BLDGNAME,CAMPUS_ID) values (15,'TOM PETTY',1);
Insert into FINAL_BUILDINGS (BLDG_ID,BLDGNAME,CAMPUS_ID) values (16,'NICKS HALL',2);
Insert into FINAL_BUILDINGS (BLDG_ID,BLDGNAME,CAMPUS_ID) values (17,'HENDRIX HALL',3);
Insert into FINAL_BUILDINGS (BLDG_ID,BLDGNAME,CAMPUS_ID) values (18,'JUDD HALL',4);
Insert into FINAL_BUILDINGS (BLDG_ID,BLDGNAME,CAMPUS_ID) values (19,'RHIANNON_HALL',1);
Insert into FINAL_BUILDINGS (BLDG_ID,BLDGNAME,CAMPUS_ID) values (20,'MARLEY HALL',3);
Insert into FINAL_BUILDINGS (BLDG_ID,BLDGNAME,CAMPUS_ID) values (21,'WAYOUT HALL',4);
REM INSERTING into FINAL_CAMPUS

Insert into FINAL_CAMPUS (CAMPUS_ID,CAMPUS_NAME) values (1,'MAIN');
Insert into FINAL_CAMPUS (CAMPUS_ID,CAMPUS_NAME) values (2,'MONTOYA');
Insert into FINAL_CAMPUS (CAMPUS_ID,CAMPUS_NAME) values (3,'SOUTH VALLEY');
Insert into FINAL_CAMPUS (CAMPUS_ID,CAMPUS_NAME) values (4,'WESTSIDE');
REM INSERTING into FINAL_CLASSES

Insert into FINAL_CLASSES (CRN,CRSABBR,COURSE_ID,DAYS,STARTTIME,ENDTIME,CAMPUS_ID,BLDG_ID,ROOM_ID,FACULTY_ID) values (9000,'CIS',1207,'MW','0900','1115',1,16,102,103);
Insert into FINAL_CLASSES (CRN,CRSABBR,COURSE_ID,DAYS,STARTTIME,ENDTIME,CAMPUS_ID,BLDG_ID,ROOM_ID,FACULTY_ID) values (9001,'CIS',1207,'TTH','1200','215',1,14,102,103);
Insert into FINAL_CLASSES (CRN,CRSABBR,COURSE_ID,DAYS,STARTTIME,ENDTIME,CAMPUS_ID,BLDG_ID,ROOM_ID,FACULTY_ID) values (9002,'CIS',1207,'F','0800','1200',2,16,102,103);
Insert into FINAL_CLASSES (CRN,CRSABBR,COURSE_ID,DAYS,STARTTIME,ENDTIME,CAMPUS_ID,BLDG_ID,ROOM_ID,FACULTY_ID) values (9003,'CIS',1513,'MW','1130','130',1,14,103,104);
Insert into FINAL_CLASSES (CRN,CRSABBR,COURSE_ID,DAYS,STARTTIME,ENDTIME,CAMPUS_ID,BLDG_ID,ROOM_ID,FACULTY_ID) values (9004,'CIS',1513,'TTH','0900','1115',1,14,103,104);
Insert into FINAL_CLASSES (CRN,CRSABBR,COURSE_ID,DAYS,STARTTIME,ENDTIME,CAMPUS_ID,BLDG_ID,ROOM_ID,FACULTY_ID) values (9005,'CIS',1513,'MW','530','730',1,19,101,105);
Insert into FINAL_CLASSES (CRN,CRSABBR,COURSE_ID,DAYS,STARTTIME,ENDTIME,CAMPUS_ID,BLDG_ID,ROOM_ID,FACULTY_ID) values (9006,'CIS',2520,'MW','130','330',1,20,101,105);
Insert into FINAL_CLASSES (CRN,CRSABBR,COURSE_ID,DAYS,STARTTIME,ENDTIME,CAMPUS_ID,BLDG_ID,ROOM_ID,FACULTY_ID) values (9007,'CIS',2520,'TTH','530','730',1,17,102,105);
Insert into FINAL_CLASSES (CRN,CRSABBR,COURSE_ID,DAYS,STARTTIME,ENDTIME,CAMPUS_ID,BLDG_ID,ROOM_ID,FACULTY_ID) values (9008,'CIS',2270,'MW','300','500',1,13,102,104);
Insert into FINAL_CLASSES (CRN,CRSABBR,COURSE_ID,DAYS,STARTTIME,ENDTIME,CAMPUS_ID,BLDG_ID,ROOM_ID,FACULTY_ID) values (9009,'CIS',1275,'TTH','200','400',1,12,102,104);
Insert into FINAL_CLASSES (CRN,CRSABBR,COURSE_ID,DAYS,STARTTIME,ENDTIME,CAMPUS_ID,BLDG_ID,ROOM_ID,FACULTY_ID) values (9010,'CIS',1275,'F','800','1200',2,16,102,103);
Insert into FINAL_CLASSES (CRN,CRSABBR,COURSE_ID,DAYS,STARTTIME,ENDTIME,CAMPUS_ID,BLDG_ID,ROOM_ID,FACULTY_ID) values (9011,'IT',1010,'MW','830','1030',1,20,102,105);
Insert into FINAL_CLASSES (CRN,CRSABBR,COURSE_ID,DAYS,STARTTIME,ENDTIME,CAMPUS_ID,BLDG_ID,ROOM_ID,FACULTY_ID) values (9012,'IT',1010,'TTH','1130','130',1,18,101,103);
Insert into FINAL_CLASSES (CRN,CRSABBR,COURSE_ID,DAYS,STARTTIME,ENDTIME,CAMPUS_ID,BLDG_ID,ROOM_ID,FACULTY_ID) values (9013,'CIS',1207,'TTH','1100','115',3,21,101,104);
REM INSERTING into FINAL_COURSES

Insert into FINAL_COURSES (CRSABBR,COURSE_ID,COURSE_NAME,CREDIT,PREREQ,CLASSMAX) values ('CIS',1207,'Fund. of Comp. Prog.',3,'IT1010',20);
Insert into FINAL_COURSES (CRSABBR,COURSE_ID,COURSE_NAME,CREDIT,PREREQ,CLASSMAX) values ('CIS',1513,'Database Design SQL',3,'IT1010',20);
Insert into FINAL_COURSES (CRSABBR,COURSE_ID,COURSE_NAME,CREDIT,PREREQ,CLASSMAX) values ('CIS',2520,'Intro To Oracle SQL',3,'CIS1513',20);
Insert into FINAL_COURSES (CRSABBR,COURSE_ID,COURSE_NAME,CREDIT,PREREQ,CLASSMAX) values ('CIS',2521,'Database Prog. PLSQL',3,'CIS2520',20);
Insert into FINAL_COURSES (CRSABBR,COURSE_ID,COURSE_NAME,CREDIT,PREREQ,CLASSMAX) values ('CIS',2270,'Open GL Programming',3,'CIS1275',20);
Insert into FINAL_COURSES (CRSABBR,COURSE_ID,COURSE_NAME,CREDIT,PREREQ,CLASSMAX) values ('CIS',1275,'C++ Programming I',3,'CIS1207',20);
Insert into FINAL_COURSES (CRSABBR,COURSE_ID,COURSE_NAME,CREDIT,PREREQ,CLASSMAX) values ('CIS',2275,'Java Programming I',3,'CIS1275',20);
Insert into FINAL_COURSES (CRSABBR,COURSE_ID,COURSE_NAME,CREDIT,PREREQ,CLASSMAX) values ('IT',1010,'Intro To Micros',4,'CIS 1280',20);
Insert into FINAL_COURSES (CRSABBR,COURSE_ID,COURSE_NAME,CREDIT,PREREQ,CLASSMAX) values ('ENG',1101,'College Writing',3,'ENG095',30);
REM INSERTING into FINAL_DEPARTMENTS

Insert into FINAL_DEPARTMENTS (DEPARTMENT_ID,DEPARTMENT_NAME,BUDGET_AMT) values (12,'BIT',8500);
Insert into FINAL_DEPARTMENTS (DEPARTMENT_ID,DEPARTMENT_NAME,BUDGET_AMT) values (10,'IT',9700);
Insert into FINAL_DEPARTMENTS (DEPARTMENT_ID,DEPARTMENT_NAME,BUDGET_AMT) values (20,'FINANCE',4700);
Insert into FINAL_DEPARTMENTS (DEPARTMENT_ID,DEPARTMENT_NAME,BUDGET_AMT) values (30,'SALES',9700);
Insert into FINAL_DEPARTMENTS (DEPARTMENT_ID,DEPARTMENT_NAME,BUDGET_AMT) values (14,'APP_TECH',1900);
Insert into FINAL_DEPARTMENTS (DEPARTMENT_ID,DEPARTMENT_NAME,BUDGET_AMT) values (16,'FINANCE',6700);
Insert into FINAL_DEPARTMENTS (DEPARTMENT_ID,DEPARTMENT_NAME,BUDGET_AMT) values (18,'ARTS_SCI',5500);
Insert into FINAL_DEPARTMENTS (DEPARTMENT_ID,DEPARTMENT_NAME,BUDGET_AMT) values (22,'NURSING',6200);
REM INSERTING into FINAL_EMPLOYEES

Insert into FINAL_EMPLOYEES (EMPLOYEE_ID,FIRST_NAME,MI,LAST_NAME,EMAIL,PHONE,HIRE_DATE,JOB_ID,SALARY,HOURLY,DEPARTMENT_ID,MANAGER_ID,AGENCY_ID) values (100,'Tweety',null,'Bird','tw@cnm.edu','5058721345',to_date('24-MAR-08','DD-MON-RR'),'IT_PROG',9000,null,10,10,null);
Insert into FINAL_EMPLOYEES (EMPLOYEE_ID,FIRST_NAME,MI,LAST_NAME,EMAIL,PHONE,HIRE_DATE,JOB_ID,SALARY,HOURLY,DEPARTMENT_ID,MANAGER_ID,AGENCY_ID) values (102,'Samuel','L','Adams','sa@cnm.edu','5054505555',to_date('01-MAR-07','DD-MON-RR'),'IT_PROG',12000,null,10,10,null);
Insert into FINAL_EMPLOYEES (EMPLOYEE_ID,FIRST_NAME,MI,LAST_NAME,EMAIL,PHONE,HIRE_DATE,JOB_ID,SALARY,HOURLY,DEPARTMENT_ID,MANAGER_ID,AGENCY_ID) values (103,'Stevie','L','Nicks','stevie@cnm.edu','50545885',to_date('01-APR-02','DD-MON-RR'),'TEACH',9900,null,10,100,null);
Insert into FINAL_EMPLOYEES (EMPLOYEE_ID,FIRST_NAME,MI,LAST_NAME,EMAIL,PHONE,HIRE_DATE,JOB_ID,SALARY,HOURLY,DEPARTMENT_ID,MANAGER_ID,AGENCY_ID) values (104,'Don',null,'Henley','hen@cnm.edu','50545888',to_date('17-MAY-04','DD-MON-RR'),'TEACH',10000,null,10,100,null);
Insert into FINAL_EMPLOYEES (EMPLOYEE_ID,FIRST_NAME,MI,LAST_NAME,EMAIL,PHONE,HIRE_DATE,JOB_ID,SALARY,HOURLY,DEPARTMENT_ID,MANAGER_ID,AGENCY_ID) values (105,'Beyonce',null,'Knowels','bey@cnm.edu','50545888',to_date('10-JAN-05','DD-MON-RR'),'TEACH',12000,null,10,100,null);
Insert into FINAL_EMPLOYEES (EMPLOYEE_ID,FIRST_NAME,MI,LAST_NAME,EMAIL,PHONE,HIRE_DATE,JOB_ID,SALARY,HOURLY,DEPARTMENT_ID,MANAGER_ID,AGENCY_ID) values (106,'Jennifer','M','Lopez','jlopez@cnm.edu','5054586582',to_date('10-JAN-05','DD-MON-RR'),'TEACH',12000,null,10,100,null);
Insert into FINAL_EMPLOYEES (EMPLOYEE_ID,FIRST_NAME,MI,LAST_NAME,EMAIL,PHONE,HIRE_DATE,JOB_ID,SALARY,HOURLY,DEPARTMENT_ID,MANAGER_ID,AGENCY_ID) values (107,'Uncle',null,'Kracker','ukracker@cnm.edu','50545088',to_date('10-JAN-05','DD-MON-RR'),'TEACH',12000,null,10,100,null);
REM INSERTING into FINAL_ENROLLMENT

Insert into FINAL_ENROLLMENT (STUD_ID,CRN,SEMESTER_CODE,GRADE) values (11111,9000,200901,'A');
Insert into FINAL_ENROLLMENT (STUD_ID,CRN,SEMESTER_CODE,GRADE) values (11111,9003,200901,'A');
Insert into FINAL_ENROLLMENT (STUD_ID,CRN,SEMESTER_CODE,GRADE) values (11111,9006,200901,'A');
Insert into FINAL_ENROLLMENT (STUD_ID,CRN,SEMESTER_CODE,GRADE) values (11111,9009,200901,'C');
Insert into FINAL_ENROLLMENT (STUD_ID,CRN,SEMESTER_CODE,GRADE) values (22222,9000,200901,'B');
Insert into FINAL_ENROLLMENT (STUD_ID,CRN,SEMESTER_CODE,GRADE) values (22222,9003,200901,'C');
Insert into FINAL_ENROLLMENT (STUD_ID,CRN,SEMESTER_CODE,GRADE) values (22222,9006,200901,'B');
Insert into FINAL_ENROLLMENT (STUD_ID,CRN,SEMESTER_CODE,GRADE) values (33333,9000,200901,'B');
Insert into FINAL_ENROLLMENT (STUD_ID,CRN,SEMESTER_CODE,GRADE) values (33333,9003,200901,'A');
Insert into FINAL_ENROLLMENT (STUD_ID,CRN,SEMESTER_CODE,GRADE) values (33333,9012,200901,'C');
Insert into FINAL_ENROLLMENT (STUD_ID,CRN,SEMESTER_CODE,GRADE) values (44444,9001,200901,'B');
Insert into FINAL_ENROLLMENT (STUD_ID,CRN,SEMESTER_CODE,GRADE) values (44444,9003,200901,'A');
Insert into FINAL_ENROLLMENT (STUD_ID,CRN,SEMESTER_CODE,GRADE) values (44444,9010,200901,'B');
REM INSERTING into FINAL_JOBS

Insert into FINAL_JOBS (JOB_ID,JOB_TITLE,MIN_SALARY,MAX_SALARY) values ('AD_PRES','President',20000,40000);
Insert into FINAL_JOBS (JOB_ID,JOB_TITLE,MIN_SALARY,MAX_SALARY) values ('AD_VP','Administration Vice President',15000,30000);
Insert into FINAL_JOBS (JOB_ID,JOB_TITLE,MIN_SALARY,MAX_SALARY) values ('AD_ASST','Administration Assistant',3000,6000);
Insert into FINAL_JOBS (JOB_ID,JOB_TITLE,MIN_SALARY,MAX_SALARY) values ('FI_MGR','Finance Manager',8200,16000);
Insert into FINAL_JOBS (JOB_ID,JOB_TITLE,MIN_SALARY,MAX_SALARY) values ('FI_ACCOUNT','Accountant',4200,9000);
Insert into FINAL_JOBS (JOB_ID,JOB_TITLE,MIN_SALARY,MAX_SALARY) values ('AC_MGR','Accounting Manager',8200,16000);
Insert into FINAL_JOBS (JOB_ID,JOB_TITLE,MIN_SALARY,MAX_SALARY) values ('AC_ACCOUNT','Public Accountant',4200,9000);
Insert into FINAL_JOBS (JOB_ID,JOB_TITLE,MIN_SALARY,MAX_SALARY) values ('SA_MAN','Sales Manager',10000,20000);
Insert into FINAL_JOBS (JOB_ID,JOB_TITLE,MIN_SALARY,MAX_SALARY) values ('SA_REP','Sales Representative',6000,12000);
Insert into FINAL_JOBS (JOB_ID,JOB_TITLE,MIN_SALARY,MAX_SALARY) values ('PU_MAN','Purchasing Manager',8000,15000);
Insert into FINAL_JOBS (JOB_ID,JOB_TITLE,MIN_SALARY,MAX_SALARY) values ('PU_CLERK','Purchasing Clerk',2500,5500);
Insert into FINAL_JOBS (JOB_ID,JOB_TITLE,MIN_SALARY,MAX_SALARY) values ('ST_MAN','Stock Manager',5500,8500);
Insert into FINAL_JOBS (JOB_ID,JOB_TITLE,MIN_SALARY,MAX_SALARY) values ('ST_CLERK','Stock Clerk',2000,5000);
Insert into FINAL_JOBS (JOB_ID,JOB_TITLE,MIN_SALARY,MAX_SALARY) values ('SH_CLERK','Shipping Clerk',2500,5500);
Insert into FINAL_JOBS (JOB_ID,JOB_TITLE,MIN_SALARY,MAX_SALARY) values ('IT_PROG','Programmer',4000,10000);
Insert into FINAL_JOBS (JOB_ID,JOB_TITLE,MIN_SALARY,MAX_SALARY) values ('MK_MAN','Marketing Manager',9000,15000);
Insert into FINAL_JOBS (JOB_ID,JOB_TITLE,MIN_SALARY,MAX_SALARY) values ('MK_REP','Marketing Representative',4000,9000);
Insert into FINAL_JOBS (JOB_ID,JOB_TITLE,MIN_SALARY,MAX_SALARY) values ('HR_REP','Human Resources Representative',4000,9000);
Insert into FINAL_JOBS (JOB_ID,JOB_TITLE,MIN_SALARY,MAX_SALARY) values ('PR_REP','Public Relations Representative',4500,10500);
Insert into FINAL_JOBS (JOB_ID,JOB_TITLE,MIN_SALARY,MAX_SALARY) values ('IT_CLERK','IT Clerical Staff',2000,2000);
Insert into FINAL_JOBS (JOB_ID,JOB_TITLE,MIN_SALARY,MAX_SALARY) values ('IT_DBA','Database Admin.',10000,20000);
Insert into FINAL_JOBS (JOB_ID,JOB_TITLE,MIN_SALARY,MAX_SALARY) values ('SUPER_PROG','Super Programmer',9000,18000);
Insert into FINAL_JOBS (JOB_ID,JOB_TITLE,MIN_SALARY,MAX_SALARY) values ('TEACH','Instructor',9900,12000);
Insert into FINAL_JOBS (JOB_ID,JOB_TITLE,MIN_SALARY,MAX_SALARY) values ('IT_TECH','Instructional Technician',2200,4500);
REM INSERTING into FINAL_MAJORS

Insert into FINAL_MAJORS (MAJOR_ID,MAJOR_NAME,DEPARTMENT_ID) values (10,'DATABASE TECHNOLOGY',10);
Insert into FINAL_MAJORS (MAJOR_ID,MAJOR_NAME,DEPARTMENT_ID) values (11,'PROGRAMMING',10);
Insert into FINAL_MAJORS (MAJOR_ID,MAJOR_NAME,DEPARTMENT_ID) values (12,'GRAPHICAL INFO. SYSTEMS',12);
Insert into FINAL_MAJORS (MAJOR_ID,MAJOR_NAME,DEPARTMENT_ID) values (13,'COMPUTER INFORMATION SYSTEMS',10);
Insert into FINAL_MAJORS (MAJOR_ID,MAJOR_NAME,DEPARTMENT_ID) values (14,'NETWORKING',10);
Insert into FINAL_MAJORS (MAJOR_ID,MAJOR_NAME,DEPARTMENT_ID) values (15,'SHARK DIVING',12);
Insert into FINAL_MAJORS (MAJOR_ID,MAJOR_NAME,DEPARTMENT_ID) values (16,'UNDECIDED',16);
REM INSERTING into FINAL_ROOMS

Insert into FINAL_ROOMS (BLDG_ID,ROOM_ID,CAPACITY,COMPUTERS) values (12,100,30,'N');
Insert into FINAL_ROOMS (BLDG_ID,ROOM_ID,CAPACITY,COMPUTERS) values (12,101,30,'N');
Insert into FINAL_ROOMS (BLDG_ID,ROOM_ID,CAPACITY,COMPUTERS) values (12,102,20,'Y');
Insert into FINAL_ROOMS (BLDG_ID,ROOM_ID,CAPACITY,COMPUTERS) values (12,103,20,'Y');
Insert into FINAL_ROOMS (BLDG_ID,ROOM_ID,CAPACITY,COMPUTERS) values (12,104,20,'Y');
Insert into FINAL_ROOMS (BLDG_ID,ROOM_ID,CAPACITY,COMPUTERS) values (12,105,20,'Y');
Insert into FINAL_ROOMS (BLDG_ID,ROOM_ID,CAPACITY,COMPUTERS) values (13,100,30,'N');
Insert into FINAL_ROOMS (BLDG_ID,ROOM_ID,CAPACITY,COMPUTERS) values (13,101,30,'N');
Insert into FINAL_ROOMS (BLDG_ID,ROOM_ID,CAPACITY,COMPUTERS) values (13,102,20,'Y');
Insert into FINAL_ROOMS (BLDG_ID,ROOM_ID,CAPACITY,COMPUTERS) values (13,103,20,'Y');
Insert into FINAL_ROOMS (BLDG_ID,ROOM_ID,CAPACITY,COMPUTERS) values (13,104,20,'Y');
Insert into FINAL_ROOMS (BLDG_ID,ROOM_ID,CAPACITY,COMPUTERS) values (14,100,30,'N');
Insert into FINAL_ROOMS (BLDG_ID,ROOM_ID,CAPACITY,COMPUTERS) values (14,101,30,'N');
Insert into FINAL_ROOMS (BLDG_ID,ROOM_ID,CAPACITY,COMPUTERS) values (14,102,20,'Y');
Insert into FINAL_ROOMS (BLDG_ID,ROOM_ID,CAPACITY,COMPUTERS) values (14,103,20,'Y');
Insert into FINAL_ROOMS (BLDG_ID,ROOM_ID,CAPACITY,COMPUTERS) values (15,100,30,'N');
Insert into FINAL_ROOMS (BLDG_ID,ROOM_ID,CAPACITY,COMPUTERS) values (15,101,30,'N');
Insert into FINAL_ROOMS (BLDG_ID,ROOM_ID,CAPACITY,COMPUTERS) values (15,102,30,'Y');
Insert into FINAL_ROOMS (BLDG_ID,ROOM_ID,CAPACITY,COMPUTERS) values (15,103,30,'Y');
Insert into FINAL_ROOMS (BLDG_ID,ROOM_ID,CAPACITY,COMPUTERS) values (16,100,30,'N');
Insert into FINAL_ROOMS (BLDG_ID,ROOM_ID,CAPACITY,COMPUTERS) values (16,101,30,'N');
Insert into FINAL_ROOMS (BLDG_ID,ROOM_ID,CAPACITY,COMPUTERS) values (16,102,20,'Y');
Insert into FINAL_ROOMS (BLDG_ID,ROOM_ID,CAPACITY,COMPUTERS) values (17,100,30,'N');
Insert into FINAL_ROOMS (BLDG_ID,ROOM_ID,CAPACITY,COMPUTERS) values (17,101,30,'N');
Insert into FINAL_ROOMS (BLDG_ID,ROOM_ID,CAPACITY,COMPUTERS) values (17,102,30,'N');
Insert into FINAL_ROOMS (BLDG_ID,ROOM_ID,CAPACITY,COMPUTERS) values (19,103,30,'N');
Insert into FINAL_ROOMS (BLDG_ID,ROOM_ID,CAPACITY,COMPUTERS) values (19,101,20,'Y');
Insert into FINAL_ROOMS (BLDG_ID,ROOM_ID,CAPACITY,COMPUTERS) values (18,100,30,'N');
Insert into FINAL_ROOMS (BLDG_ID,ROOM_ID,CAPACITY,COMPUTERS) values (18,101,20,'Y');
Insert into FINAL_ROOMS (BLDG_ID,ROOM_ID,CAPACITY,COMPUTERS) values (20,100,30,'N');
Insert into FINAL_ROOMS (BLDG_ID,ROOM_ID,CAPACITY,COMPUTERS) values (20,101,30,'N');
Insert into FINAL_ROOMS (BLDG_ID,ROOM_ID,CAPACITY,COMPUTERS) values (20,102,20,'Y');
Insert into FINAL_ROOMS (BLDG_ID,ROOM_ID,CAPACITY,COMPUTERS) values (21,101,20,'Y');
REM INSERTING into FINAL_STUDENTS

Insert into FINAL_STUDENTS (STUD_ID,SSN,FIRST_NAME,LAST_NAME,MI,PHONE,CELL,ADDRESS,CITY,STATE,ZIP,EMAIL,MAJOR_ID) values (11111,555102020,'Yr first name','Yr last name',null,'5052241000',null,'525 Buena ','Grants','NM',87020,'ss@cnm.edu',10);
Insert into FINAL_STUDENTS (STUD_ID,SSN,FIRST_NAME,LAST_NAME,MI,PHONE,CELL,ADDRESS,CITY,STATE,ZIP,EMAIL,MAJOR_ID) values (22222,555103030,'Road','Runner',null,'5052242000','5053503000','500 Elm','Belen','NM',87102,'rr@cnm.edu',12);
Insert into FINAL_STUDENTS (STUD_ID,SSN,FIRST_NAME,LAST_NAME,MI,PHONE,CELL,ADDRESS,CITY,STATE,ZIP,EMAIL,MAJOR_ID) values (33333,555104040,'Bugs','Bunny','T','5052243000',null,'300 Coal','Belen','NM',87102,'bb@cnm.edu',14);
Insert into FINAL_STUDENTS (STUD_ID,SSN,FIRST_NAME,LAST_NAME,MI,PHONE,CELL,ADDRESS,CITY,STATE,ZIP,EMAIL,MAJOR_ID) values (44444,555105050,'Trader','Joes','L','5052244000','5053505000','150 Food','Grants','NM',87102,'tj@cnm.edu',11);
REM INSERTING into FINAL_SUBJECTS

Insert into FINAL_SUBJECTS (SUBJECT_ID,DESCRIPTION) values ('CIS','COMPUTER INFO. SYSTEMS');
Insert into FINAL_SUBJECTS (SUBJECT_ID,DESCRIPTION) values ('GIS','GRAPHICAL INFO SYSTEMS');
Insert into FINAL_SUBJECTS (SUBJECT_ID,DESCRIPTION) values ('MATH','MATHEMATICS ');
Insert into FINAL_SUBJECTS (SUBJECT_ID,DESCRIPTION) values ('COMM','COMMUNICATIONS');
Insert into FINAL_SUBJECTS (SUBJECT_ID,DESCRIPTION) values ('IT','INFORMATION TECHNOLOGY');
Insert into FINAL_SUBJECTS (SUBJECT_ID,DESCRIPTION) values ('BA','INTRO TO BUSINESS');
Insert into FINAL_SUBJECTS (SUBJECT_ID,DESCRIPTION) values ('ACCT','ACCOUNTING');
Insert into FINAL_SUBJECTS (SUBJECT_ID,DESCRIPTION) values ('ENG','ENGLISH');
--------------------------------------------------------
--  Constraints for Table FINAL_AGENCIES
--------------------------------------------------------

  ALTER TABLE "FINAL_AGENCIES" ADD CONSTRAINT "FIN_AGY_AGENCY_ID_PK" PRIMARY KEY ("AGENCY_ID") ENABLE;
 
  ALTER TABLE "FINAL_AGENCIES" MODIFY ("AGENCY_NAME" CONSTRAINT "FIN_AGY_AGENCY_NAME_NN" NOT NULL ENABLE);
 
  ALTER TABLE "FINAL_AGENCIES" MODIFY ("CONTACT" CONSTRAINT "FIN_AGY_CONTACT_NN" NOT NULL ENABLE);
 
  ALTER TABLE "FINAL_AGENCIES" MODIFY ("EMAIL" CONSTRAINT "FIN_AGY_EMAIL_NN" NOT NULL ENABLE);
 
  ALTER TABLE "FINAL_AGENCIES" MODIFY ("PHONE" CONSTRAINT "FIN_AGY_PHONE_NN" NOT NULL ENABLE);

--------------------------------------------------------
--  Constraints for Table FINAL_BUILDINGS
--------------------------------------------------------

  ALTER TABLE "FINAL_BUILDINGS" ADD CONSTRAINT "BLDG_BLDG_PK" PRIMARY KEY ("BLDG_ID") ENABLE;
 
  ALTER TABLE "FINAL_BUILDINGS" MODIFY ("CAMPUS_ID" CONSTRAINT "BLDG_CAMPUS_NN" NOT NULL ENABLE);
 
  ALTER TABLE "FINAL_BUILDINGS" MODIFY ("BLDGNAME" CONSTRAINT "BLDG_NAME_NN" NOT NULL ENABLE);

--------------------------------------------------------
--  Constraints for Table FINAL_CAMPUS
--------------------------------------------------------

  ALTER TABLE "FINAL_CAMPUS" MODIFY ("CAMPUS_NAME" CONSTRAINT "CAMPUS_NAME_NN" NOT NULL ENABLE);
 
  ALTER TABLE "FINAL_CAMPUS" MODIFY ("CAMPUS_ID" CONSTRAINT "CAMPUS_NN" NOT NULL ENABLE);
 
  ALTER TABLE "FINAL_CAMPUS" ADD CONSTRAINT "CAMPUS_PK" PRIMARY KEY ("CAMPUS_ID") ENABLE;

--------------------------------------------------------
--  Constraints for Table FINAL_CLASSES
--------------------------------------------------------

  ALTER TABLE "FINAL_CLASSES" ADD CONSTRAINT "FIN_CLASS_CRN_PK" PRIMARY KEY ("CRN") ENABLE;
 
  ALTER TABLE "FINAL_CLASSES" MODIFY ("CRSABBR" CONSTRAINT "FIN_CLASS_ABBR_NN" NOT NULL ENABLE);
 
  ALTER TABLE "FINAL_CLASSES" MODIFY ("BLDG_ID" CONSTRAINT "FIN_CLASS_BLDG_NN" NOT NULL ENABLE);
 
  ALTER TABLE "FINAL_CLASSES" MODIFY ("CAMPUS_ID" CONSTRAINT "FIN_CLASS_CAMP_NN" NOT NULL ENABLE);
 
  ALTER TABLE "FINAL_CLASSES" MODIFY ("COURSE_ID" CONSTRAINT "FIN_CLASS_COURSE_ID_NN" NOT NULL ENABLE);
 
  ALTER TABLE "FINAL_CLASSES" MODIFY ("DAYS" CONSTRAINT "FIN_CLASS_DAYS_NN" NOT NULL ENABLE);
 
  ALTER TABLE "FINAL_CLASSES" MODIFY ("ENDTIME" CONSTRAINT "FIN_CLASS_ETIME_NN" NOT NULL ENABLE);
 
  ALTER TABLE "FINAL_CLASSES" MODIFY ("FACULTY_ID" CONSTRAINT "FIN_CLASS_FAC_NN" NOT NULL ENABLE);
 
  ALTER TABLE "FINAL_CLASSES" MODIFY ("ROOM_ID" CONSTRAINT "FIN_CLASS_ROOM_ID_NN" NOT NULL ENABLE);
 
  ALTER TABLE "FINAL_CLASSES" MODIFY ("STARTTIME" CONSTRAINT "FIN_CLASS_STIME_NN" NOT NULL ENABLE);

--------------------------------------------------------
--  Constraints for Table FINAL_COURSES
--------------------------------------------------------

  ALTER TABLE "FINAL_COURSES" MODIFY ("COURSE_NAME" CONSTRAINT "CRS_NAME_NN" NOT NULL ENABLE);
 
  ALTER TABLE "FINAL_COURSES" MODIFY ("CLASSMAX" CONSTRAINT "CRS_CLASSMAX_NN" NOT NULL ENABLE);
 
  ALTER TABLE "FINAL_COURSES" MODIFY ("CREDIT" CONSTRAINT "CRS_CREDIT_NN" NOT NULL ENABLE);
 
  ALTER TABLE "FINAL_COURSES" MODIFY ("PREREQ" CONSTRAINT "CRS_PREREQ_NN" NOT NULL ENABLE);
 
  ALTER TABLE "FINAL_COURSES" ADD CONSTRAINT "FINAL_CRS_PK" PRIMARY KEY ("CRSABBR", "COURSE_ID") ENABLE;

--------------------------------------------------------
--  Constraints for Table FINAL_DEPARTMENTS
--------------------------------------------------------

  ALTER TABLE "FINAL_DEPARTMENTS" ADD CONSTRAINT "FIN_DEPTS_ID_PK" PRIMARY KEY ("DEPARTMENT_ID") ENABLE;
 
  ALTER TABLE "FINAL_DEPARTMENTS" MODIFY ("DEPARTMENT_NAME" CONSTRAINT "FIN_DEPTS_NAME_NN" NOT NULL ENABLE);

--------------------------------------------------------
--  Constraints for Table FINAL_EMPLOYEES
--------------------------------------------------------

  ALTER TABLE "FINAL_EMPLOYEES" MODIFY ("DEPARTMENT_ID" CONSTRAINT "FIN_EMP_DEPT_ID_NN" NOT NULL ENABLE);
 
  ALTER TABLE "FINAL_EMPLOYEES" MODIFY ("EMAIL" CONSTRAINT "FIN_EMP_EMAIL_NN" NOT NULL ENABLE);
 
  ALTER TABLE "FINAL_EMPLOYEES" ADD CONSTRAINT "FIN_EMP_EMAIL_UK" UNIQUE ("EMAIL") ENABLE;
 
  ALTER TABLE "FINAL_EMPLOYEES" ADD CONSTRAINT "FIN_EMP_EMPLOYEE_ID_PK" PRIMARY KEY ("EMPLOYEE_ID") ENABLE;
 
  ALTER TABLE "FINAL_EMPLOYEES" MODIFY ("FIRST_NAME" CONSTRAINT "FIN_EMP_FIRST_NAME_NN" NOT NULL ENABLE);
 
  ALTER TABLE "FINAL_EMPLOYEES" MODIFY ("JOB_ID" CONSTRAINT "FIN_EMP_JOB_ID_NN" NOT NULL ENABLE);
 
  ALTER TABLE "FINAL_EMPLOYEES" MODIFY ("LAST_NAME" CONSTRAINT "FIN_EMP_LAST_NAME_NN" NOT NULL ENABLE);
 
  ALTER TABLE "FINAL_EMPLOYEES" MODIFY ("MANAGER_ID" CONSTRAINT "FIN_EMP_MGRID_NN" NOT NULL ENABLE);
 
  ALTER TABLE "FINAL_EMPLOYEES" MODIFY ("PHONE" CONSTRAINT "FIN_EMP_PHONE_NN" NOT NULL ENABLE);

--------------------------------------------------------
--  Constraints for Table FINAL_ENROLLMENT
--------------------------------------------------------

  ALTER TABLE "FINAL_ENROLLMENT" ADD CONSTRAINT "ENROLL_STID_ID_CRN_PK" PRIMARY KEY ("STUD_ID", "CRN", "SEMESTER_CODE") ENABLE;

--------------------------------------------------------
--  Constraints for Table FINAL_JOBS
--------------------------------------------------------

  ALTER TABLE "FINAL_JOBS" ADD CONSTRAINT "FIN_JOBS_JOB_ID_PK" PRIMARY KEY ("JOB_ID") ENABLE;
 
  ALTER TABLE "FINAL_JOBS" MODIFY ("JOB_TITLE" CONSTRAINT "FIN_JOBS_TITLE_NN" NOT NULL ENABLE);

--------------------------------------------------------
--  Constraints for Table FINAL_MAJORS
--------------------------------------------------------

  ALTER TABLE "FINAL_MAJORS" MODIFY ("DEPARTMENT_ID" CONSTRAINT "FINAL_DEPTID_NN" NOT NULL ENABLE);
 
  ALTER TABLE "FINAL_MAJORS" MODIFY ("MAJOR_NAME" CONSTRAINT "FINAL_MAJOR_NAME_NN" NOT NULL ENABLE);
 
  ALTER TABLE "FINAL_MAJORS" ADD CONSTRAINT "FINAL_MAJOR_PK" PRIMARY KEY ("MAJOR_ID") ENABLE;

--------------------------------------------------------
--  Constraints for Table FINAL_ROOMS
--------------------------------------------------------

  ALTER TABLE "FINAL_ROOMS" ADD CONSTRAINT "F_ROOMS_BLDG_ROOM_PK" PRIMARY KEY ("BLDG_ID", "ROOM_ID") ENABLE;
 
  ALTER TABLE "FINAL_ROOMS" ADD CONSTRAINT "F_ROOMS_COMP_CK" CHECK ("COMPUTERS"='Y' OR "COMPUTERS"='N') ENABLE;

--------------------------------------------------------
--  Constraints for Table FINAL_STUDENTS
--------------------------------------------------------

  ALTER TABLE "FINAL_STUDENTS" ADD CONSTRAINT "FINAL_STUD_ID_PK" PRIMARY KEY ("STUD_ID") ENABLE;
 
  ALTER TABLE "FINAL_STUDENTS" MODIFY ("ADDRESS" CONSTRAINT "FINAL_STU_ADDRESS_NN" NOT NULL ENABLE);
 
  ALTER TABLE "FINAL_STUDENTS" MODIFY ("CITY" CONSTRAINT "FINAL_STU_CITY_NN" NOT NULL ENABLE);
 
  ALTER TABLE "FINAL_STUDENTS" MODIFY ("EMAIL" CONSTRAINT "FINAL_STU_EMAIL_NN" NOT NULL ENABLE);
 
  ALTER TABLE "FINAL_STUDENTS" MODIFY ("FIRST_NAME" CONSTRAINT "FINAL_STU_FIRST_NN" NOT NULL ENABLE);
 
  ALTER TABLE "FINAL_STUDENTS" MODIFY ("LAST_NAME" CONSTRAINT "FINAL_STU_LAST_NN" NOT NULL ENABLE);
 
  ALTER TABLE "FINAL_STUDENTS" MODIFY ("MAJOR_ID" CONSTRAINT "FINAL_STU_MAJOR_NN" NOT NULL ENABLE);
 
  ALTER TABLE "FINAL_STUDENTS" MODIFY ("PHONE" CONSTRAINT "FINAL_STU_PHONE_NN" NOT NULL ENABLE);
 
  ALTER TABLE "FINAL_STUDENTS" MODIFY ("SSN" CONSTRAINT "FINAL_STU_SSN_NN" NOT NULL ENABLE);
 
  ALTER TABLE "FINAL_STUDENTS" MODIFY ("STATE" CONSTRAINT "FINAL_STU_STATE_NN" NOT NULL ENABLE);
 
  ALTER TABLE "FINAL_STUDENTS" MODIFY ("ZIP" CONSTRAINT "FINAL_STU_ZIP_NN" NOT NULL ENABLE);

--------------------------------------------------------
--  Constraints for Table FINAL_SUBJECTS
--------------------------------------------------------

  ALTER TABLE "FINAL_SUBJECTS" ADD CONSTRAINT "FIN_SUBJECTS_PK" PRIMARY KEY ("SUBJECT_ID") ENABLE;
 
  ALTER TABLE "FINAL_SUBJECTS" MODIFY ("DESCRIPTION" CONSTRAINT "FIN_SUBJECT_NAME_NN" NOT NULL ENABLE);




--------------------------------------------------------
--  Ref Constraints for Table FINAL_CLASSES
--------------------------------------------------------

  ALTER TABLE "FINAL_CLASSES" ADD CONSTRAINT "F_CLASSES_BLDG_FK" FOREIGN KEY ("BLDG_ID")
      REFERENCES "FINAL_BUILDINGS" ("BLDG_ID") ENABLE;
 
  ALTER TABLE "FINAL_CLASSES" ADD CONSTRAINT "F_CLASSES_FACULTY_ID_FK" FOREIGN KEY ("FACULTY_ID")
      REFERENCES "FINAL_EMPLOYEES" ("EMPLOYEE_ID") ENABLE;
 
  ALTER TABLE "FINAL_CLASSES" ADD CONSTRAINT "F_CLASSES_ROOMS_ID_FK" FOREIGN KEY ("BLDG_ID", "ROOM_ID")
      REFERENCES "FINAL_ROOMS" ("BLDG_ID", "ROOM_ID") ENABLE;

--------------------------------------------------------
--  Ref Constraints for Table FINAL_COURSES
--------------------------------------------------------

  ALTER TABLE "FINAL_COURSES" ADD CONSTRAINT "CRSABBR_FK" FOREIGN KEY ("CRSABBR")
      REFERENCES "FINAL_SUBJECTS" ("SUBJECT_ID") ENABLE;


--------------------------------------------------------
--  Ref Constraints for Table FINAL_EMPLOYEES
--------------------------------------------------------

  ALTER TABLE "FINAL_EMPLOYEES" ADD CONSTRAINT "FIN_EMP_AGENCY_ID_FK" FOREIGN KEY ("AGENCY_ID")
      REFERENCES "FINAL_AGENCIES" ("AGENCY_ID") ENABLE;
 
  ALTER TABLE "FINAL_EMPLOYEES" ADD CONSTRAINT "FIN_EMP_DEPT_ID_FK" FOREIGN KEY ("DEPARTMENT_ID")
      REFERENCES "FINAL_DEPARTMENTS" ("DEPARTMENT_ID") ENABLE;
 
  ALTER TABLE "FINAL_EMPLOYEES" ADD CONSTRAINT "FIN_EMP_JOB_ID_FK" FOREIGN KEY ("JOB_ID")
      REFERENCES "FINAL_JOBS" ("JOB_ID") ENABLE;

--------------------------------------------------------
--  Ref Constraints for Table FINAL_ENROLLMENT
--------------------------------------------------------

  ALTER TABLE "FINAL_ENROLLMENT" ADD CONSTRAINT "FINAL_ENR_CRN_FK" FOREIGN KEY ("CRN")
      REFERENCES "FINAL_CLASSES" ("CRN") ENABLE;
 
  ALTER TABLE "FINAL_ENROLLMENT" ADD CONSTRAINT "FINAL_ENR_STUDID_FK" FOREIGN KEY ("STUD_ID")
      REFERENCES "FINAL_STUDENTS" ("STUD_ID") ENABLE;


--------------------------------------------------------
--  Ref Constraints for Table FINAL_MAJORS
--------------------------------------------------------

  ALTER TABLE "FINAL_MAJORS" ADD CONSTRAINT "FINAL_DEPTID_FK" FOREIGN KEY ("DEPARTMENT_ID")
      REFERENCES "FINAL_DEPARTMENTS" ("DEPARTMENT_ID") ENABLE;

--------------------------------------------------------
--  Ref Constraints for Table FINAL_ROOMS
--------------------------------------------------------

  ALTER TABLE "FINAL_ROOMS" ADD CONSTRAINT "F_ROOMS_BLDG_FK" FOREIGN KEY ("BLDG_ID")
      REFERENCES "FINAL_BUILDINGS" ("BLDG_ID") ENABLE;

--------------------------------------------------------
--  Ref Constraints for Table FINAL_STUDENTS
--------------------------------------------------------

  ALTER TABLE "FINAL_STUDENTS" ADD CONSTRAINT "FINAL_MAJOR_FK" FOREIGN KEY ("MAJOR_ID")
      REFERENCES "FINAL_MAJORS" ("MAJOR_ID") ENABLE;


